Value,Value Description,Category ,Category Description,,Symbol,Breadth,,,,,,,,,,,,,,,,
Ambitious,"Hard working, aspiring",Achievement,Personal success through demonstrating competence according to social standards.,,,Individual,,,,,"<div class=""swiper-slide""><h4>",Cultural Values,"</h4><br><h1 class=""values_badge"" style=""background: #ffcc99;"">",Fm,</h1><br><h2>,Family,</h2><br><p>,People are supposed to look after themselves and their immediate family only.,</p></div>,,,Fm
Capable,"Competent, effective, efficient",Achievement,Personal success through demonstrating competence according to social standards.,,,Individual,,,,,"<div class=""swiper-slide""><h4>",Cultural Values,"</h4><br><h1 class=""values_badge"" style=""background: #ffcc99;"">",Id,</h1><br><h2>,Individualist,</h2><br><p>,People are supposed to look after themselves only.,</p></div>,,,Id
Influential,Having an impact on people and events,Achievement,Personal success through demonstrating competence according to social standards.,,,Individual,,,,,"<div class=""swiper-slide""><h4>",Cultural Values,"</h4><br><h1 class=""values_badge"" style=""background: #ffcc99;"">",Co,</h1><br><h2>,Collective,</h2><br><p>,People belong to in-groups and are supposed to look after them in exchange for loyalty.,</p></div>,,,Co
Intelligent,"Logical, thinking",Achievement,Personal success through demonstrating competence according to social standards.,,,Individual,,,,,"<div class=""swiper-slide""><h4>",Cultural Values,"</h4><br><h1 class=""values_badge"" style=""background: #ffcc99;"">",Fo,</h1><br><h2>,Focused,</h2><br><p>,Attention and effort is directed towards primary concerns like family or achievement.,</p></div>,,,Fo
Successful,Achieving goals,Achievement,Personal success through demonstrating competence according to social standards.,,,Individual,,,,,"<div class=""swiper-slide""><h4>",Cultural Values,"</h4><br><h1 class=""values_badge"" style=""background: #ffcc99;"">",Ec,</h1><br><h2>,Eclectic,</h2><br><p>,Activities and endeavors are wide-ranging and cultivate individual or outside interests.,</p></div>,,,Ec
A Spiritual Life,Emphasis on spiritual not material matters,Benevolence,Preservation and enhancement of the welfare of people with whom one is in frequent personal contact.,,,Individual,,,,,"<div class=""swiper-slide""><h4>",Cultural Values,"</h4><br><h1 class=""values_badge"" style=""background: #ffcc99;"">",Ps,</h1><br><h2>,Prestige,</h2><br><p>,Concerned with the high-status aspects of culture.,</p></div>,,,Ps
Forgiving,Willing to pardon others,Benevolence,Preservation and enhancement of the welfare of people with whom one is in frequent personal contact.,,,Individual,,,,,"<div class=""swiper-slide""><h4>",Cultural Values,"</h4><br><h1 class=""values_badge"" style=""background: #ffcc99;"">",Fr,</h1><br><h2>,Familiar,</h2><br><p>,"Largely interested in things that are familiar, accessible, and comfortable.",</p></div>,,,Fr
Helpful,Working for the welfare of others,Benevolence,Preservation and enhancement of the welfare of people with whom one is in frequent personal contact.,,,Individual,,,,,"<div class=""swiper-slide""><h4>",Cultural Values,"</h4><br><h1 class=""values_badge"" style=""background: #ffcc99;"">",In,</h1><br><h2>,Indulgence,</h2><br><p>,Indulging freely in desires and impulses.,</p></div>,,,In
Honest,"Genuine, sincere",Benevolence,Preservation and enhancement of the welfare of people with whom one is in frequent personal contact.,,,Individual,,,,,"<div class=""swiper-slide""><h4>",Cultural Values,"</h4><br><h1 class=""values_badge"" style=""background: #ffcc99;"">",Re,</h1><br><h2>,Restraint,</h2><br><p>,Maintaining strong control over desires and impulses. ,</p></div>,,,Re
Loyal,"Faithful to my friends, group",Benevolence,Preservation and enhancement of the welfare of people with whom one is in frequent personal contact.,,,Individual,,,,,"<div class=""swiper-slide""><h4>",Cultural Values,"</h4><br><h1 class=""values_badge"" style=""background: #ffcc99;"">",Td,</h1><br><h2>,Traditional,</h2><br><p>,Preferring time-honored traditions and norms or viewing societal change with suspicion.,</p></div>,,,Td
Mature Love,Deep emotional and spiritual intimacy,Benevolence,Preservation and enhancement of the welfare of people with whom one is in frequent personal contact.,,,Individual,,,,,"<div class=""swiper-slide""><h4>",Cultural Values,"</h4><br><h1 class=""values_badge"" style=""background: #ffcc99;"">",Ty,</h1><br><h2>,Trendy,</h2><br><p>,"Aspirational, geared towards excitement, or the opportunity to be part of newness or novelty.",</p></div>,,,Ty
Meaning in Life,A purpose in life,Benevolence,Preservation and enhancement of the welfare of people with whom one is in frequent personal contact.,,,Individual,,,,,"<div class=""swiper-slide""><h4>",Cultural Values,"</h4><br><h1 class=""values_badge"" style=""background: #ffcc99;"">",Pr,</h1><br><h2>,Practical,</h2><br><p>,"Emphasizing immediate gains through technique, thrift, a hands-on approach, and education as ways to prepare for the future.",</p></div>,,,Pr
Responsible,"Dependable, reliable",Benevolence,Preservation and enhancement of the welfare of people with whom one is in frequent personal contact.,,,Individual,,,,,"<div class=""swiper-slide""><h4>",Cultural Values,"</h4><br><h1 class=""values_badge"" style=""background: #ffcc99;"">",Fa,</h1><br><h2>,Fantastic,</h2><br><p>,"Engaging in futuristic and fantasy-based ideas, activities, methods, and technologies.",</p></div>,,,Fa
True Friendship,"Close, supportive friends",Benevolence,Preservation and enhancement of the welfare of people with whom one is in frequent personal contact.,,,Individual,,,,,"<div class=""swiper-slide""><h4>",Cultural Values,"</h4><br><h1 class=""values_badge"" style=""background: #ffcc99;"">",Ac,</h1><br><h2>,Achievement ,</h2><br><p>,"Motivated by competition, achievement, action, opportunity, and success.",</p></div>,,,Ac
Honoring of Elders,Showing respect,Conformity,"Restraint of actions, inclinations, and impulses likely to upset or harm others and violate social expectations or norms.",,,Individual,,,,,"<div class=""swiper-slide""><h4>",Cultural Values,"</h4><br><h1 class=""values_badge"" style=""background: #ffcc99;"">",Ca,</h1><br><h2>,Care,</h2><br><p>,"Motivated by caring for others, sacrifice, tenderness, maintaining quality of life.",</p></div>,,,Ca
Obedient,"Dutiful, meeting obligations",Conformity,"Restraint of actions, inclinations, and impulses likely to upset or harm others and violate social expectations or norms.",,,Individual,,,,,"<div class=""swiper-slide""><h4>",Cultural Values,"</h4><br><h1 class=""values_badge"" style=""background: #ffcc99;"">",Cu,</h1><br><h2>,Customary,</h2><br><p>,"Obedience, cooperation, and adherence to social norms, routines, and customs.",</p></div>,,,Cu
Politeness,"Courtesy, good manners",Conformity,"Restraint of actions, inclinations, and impulses likely to upset or harm others and violate social expectations or norms.",,,Individual,,,,,"<div class=""swiper-slide""><h4>",Cultural Values,"</h4><br><h1 class=""values_badge"" style=""background: #ffcc99;"">",Df,</h1><br><h2>,Difference,</h2><br><p>,"Cultivating exploration, deviance, and diversity.",</p></div>,,,Df
Self Discipline,"Self restraint, resistance to temptation",Conformity,"Restraint of actions, inclinations, and impulses likely to upset or harm others and violate social expectations or norms.",,,Individual,,,,,"<div class=""swiper-slide""><h4>",Cultural Values,"</h4><br><h1 class=""values_badge"" style=""background: #ffcc99;"">",Am,</h1><br><h2>,Ambiguity,</h2><br><p>,Tolerant or receptive to uncertainty and willing to engage in ambiguous situations; meaning is something to be interpreted.,</p></div>,,,Am
Enjoying Life,"Enjoying food, sex, leisure, etc.",Hedonism,Pleasure and sensuous gratification for oneself.,,,Individual,,,,,"<div class=""swiper-slide""><h4>",Cultural Values,"</h4><br><h1 class=""values_badge"" style=""background: #ffcc99;"">",Ct,</h1><br><h2>,Certainty,</h2><br><p>,The extent to which people feel threatened by ambiguous situations and have created beliefs and institutions that try to avoid them; meaning is literal.,</p></div>,,,Ct
Pleasure,Gratification of desires,Hedonism,Pleasure and sensuous gratification for oneself.,,,Individual,,,,,"<div class=""swiper-slide""><h4>",Cultural Values,"</h4><br><h1 class=""values_badge"" style=""background: #ffcc99;"">",Hi,</h1><br><h2>,Hierarchy,</h2><br><p>,"Acceptance of an unequal distribution of power, social inequality, and authority.",</p></div>,,,Hi
Self-Indulgent,Doing pleasant things,Hedonism,Pleasure and sensuous gratification for oneself.,,,Individual,,,,,"<div class=""swiper-slide""><h4>",Cultural Values,"</h4><br><h1 class=""values_badge"" style=""background: #ffcc99;"">",Eg,</h1><br><h2>,Egalitarian,</h2><br><p>,"Rewards networked or peer-based collaboration, cooperation, and the development of social equality.",</p></div>,,,Eg
Authority,The right to lead or command,Power,"Social status and prestige, control or dominance over people and resources. Impulses likely to upset or harm others and violate social expectations or norms.",,,Individual,,,,,,,,,,,,,,,,
Preserving My Public Image,Protecting my 'face',Power,"Social status and prestige, control or dominance over people and resources. Impulses likely to upset or harm others and violate social expectations or norms.",,,Individual,,,,,,,,,,,,,,,,
Social Power,"Control over others, dominance",Power,"Social status and prestige, control or dominance over people and resources. Impulses likely to upset or harm others and violate social expectations or norms.",,,Individual,,,,,,,,,,,,,,,,
Social Recognition,"Respect, approval by others",Power,"Social status and prestige, control or dominance over people and resources. Impulses likely to upset or harm others and violate social expectations or norms.",,,Individual,,,,,,,,,,,,,,,,
Wealth,"Material possessions, money",Power,"Social status and prestige, control or dominance over people and resources. Impulses likely to upset or harm others and violate social expectations or norms.",,,Individual,,,,,,,,,,,,,,,,
Clean,"Neat, tidy",Security,"Safety, harmony, and stability of society, of relationships, and of self.",,,Individual,,,,,,,,,,,,,,,,
Family Security,Safety for loved ones,Security,"Safety, harmony, and stability of society, of relationships, and of self.",,,Individual,,,,,,,,,,,,,,,,
Healthy,Not being physically or mentally sick ,Security,"Safety, harmony, and stability of society, of relationships, and of self.",,,Individual,,,,,,,,,,,,,,,,
National Security,Protection of my nation from enemies,Security,"Safety, harmony, and stability of society, of relationships, and of self.",,,Individual,,,,,,,,,,,,,,,,
Reciprocation of Favors,Avoidance of indebtedness,Security,"Safety, harmony, and stability of society, of relationships, and of self.",,,Individual,,,,,,,,,,,,,,,,
Sense of Belonging,Feeling that others care about me,Security,"Safety, harmony, and stability of society, of relationships, and of self.",,,Individual,,,,,,,,,,,,,,,,
Social Order,Stability of society,Security,"Safety, harmony, and stability of society, of relationships, and of self.",,,Individual,,,,,,,,,,,,,,,,
Choosing Own Goals,Selecting own purposes and priorities,Self-direction,"Independent thought and action: choosing, creating, exploring.",,,Individual,,,,,,,,,,,,,,,,
Creativity,"Uniqueness, imagination",Self-direction,"Independent thought and action: choosing, creating, exploring.",,,Individual,,,,,,,,,,,,,,,,
Curious,"Interested in everything, exploring",Self-direction,"Independent thought and action: choosing, creating, exploring.",,,Individual,,,,,,,,,,,,,,,,
Freedom,Freedom of action and thought,Self-direction,"Independent thought and action: choosing, creating, exploring.",,,Individual,,,,,,,,,,,,,,,,
Independent,"Self-reliant, self-sufficient",Self-direction,"Independent thought and action: choosing, creating, exploring.",,,Individual,,,,,,,,,,,,,,,,
Privacy,The right to have a private sphere,Self-direction,"Independent thought and action: choosing, creating, exploring.",,,Individual,,,,,,,,,,,,,,,,
Self Respect,Belief in one's own worth,Self-direction,"Independent thought and action: choosing, creating, exploring.",,,Individual,,,,,,,,,,,,,,,,
A Varied Life,"Filled with challenge, novelty and change",Stimulation,"Excitement, novelty and challenge in life.",,,Individual,,,,,,,,,,,,,,,,
An Exciting Life,Stimulating experiences,Stimulation,"Excitement, novelty and challenge in life.",,,Individual,,,,,,,,,,,,,,,,
Daring,"Seeking adventure, risk",Stimulation,"Excitement, novelty and challenge in life.",,,Individual,,,,,,,,,,,,,,,,
Accepting My Portion in Life,Submitting to life's circumstances,Tradition,"Respect, commitment and acceptance of the customs and ideas that traditional culture or religion provide the self.",,,Individual,,,,,,,,,,,,,,,,
Detachment,Distance from worldly concerns,Tradition,"Respect, commitment and acceptance of the customs and ideas that traditional culture or religion provide the self.",,,Individual,,,,,,,,,,,,,,,,
Devout,Holding to religious faith and belief,Tradition,"Respect, commitment and acceptance of the customs and ideas that traditional culture or religion provide the self.",,,Individual,,,,,,,,,,,,,,,,
Humble,"Modest, self-effacing",Tradition,"Respect, commitment and acceptance of the customs and ideas that traditional culture or religion provide the self.",,,Individual,,,,,,,,,,,,,,,,
Moderate,Avoiding extremes of feeling and action,Tradition,"Respect, commitment and acceptance of the customs and ideas that traditional culture or religion provide the self.",,,Individual,,,,,,,,,,,,,,,,
Respect for Tradition,Preservation of time-honored customs,Tradition,"Respect, commitment and acceptance of the customs and ideas that traditional culture or religion provide the self.",,,Individual,,,,,,,,,,,,,,,,
A World at Peace,Free of war and conflict,Universalism,"Understanding, appreciation, tolerance and protection for the welfare of all people and for nature.",,,Individual,,,,,,,,,,,,,,,,
A World of Beauty,Beauty of nature and the arts,Universalism,"Understanding, appreciation, tolerance and protection for the welfare of all people and for nature.",,,Individual,,,,,,,,,,,,,,,,
Broadminded,Tolerant of different ideas and beliefs,Universalism,"Understanding, appreciation, tolerance and protection for the welfare of all people and for nature.",,,Individual,,,,,,,,,,,,,,,,
Equality,Equal opportunity for all,Universalism,"Understanding, appreciation, tolerance and protection for the welfare of all people and for nature.",,,Individual,,,,,,,,,,,,,,,,
Inner Harmony,At peace with myself,Universalism,"Understanding, appreciation, tolerance and protection for the welfare of all people and for nature.",,,Individual,,,,,,,,,,,,,,,,
Protecting the Environment,Preserving nature,Universalism,"Understanding, appreciation, tolerance and protection for the welfare of all people and for nature.",,,Individual,,,,,,,,,,,,,,,,
Social Justice,"Correcting injustice, care for the weak",Universalism,"Understanding, appreciation, tolerance and protection for the welfare of all people and for nature.",,,Individual,,,,,,,,,,,,,,,,
Unity with Nature,Fitting into nature,Universalism,"Understanding, appreciation, tolerance and protection for the welfare of all people and for nature.",,,Individual,,,,,,,,,,,,,,,,
Wisdom,A mature understanding of life,Universalism,"Understanding, appreciation, tolerance and protection for the welfare of all people and for nature.",,,Individual,,,,,,,,,,,,,,,,
,,,,,,,,,,,,,,,,,,,,,,
,,,,,,,,,,,,,,,,,,,,,,
,,,,,,,,,,,,,,,,,,,,,,
,,,,,,,,,,,,,,,,,,,,,,
"<div class=""swiper-slide""><h4>",Individual Values,</h4><br><h2>,Ambitious,"</h2><br><h4 class=""values_badge"" style=""background: #cccccc"">",Achievement,</h4><br><br><br><p>,Personal success through demonstrating competence according to social standards.,</p></div>,,,,,,,,,,,,,,
"<div class=""swiper-slide""><h4>",Individual Values,</h4><br><h2>,Capable,"</h2><br><h4 class=""values_badge"" style=""background: #cccccc"">",Achievement,</h4><br><br><br><p>,Personal success through demonstrating competence according to social standards.,</p></div>,,,,,,,,,,,,,,
"<div class=""swiper-slide""><h4>",Individual Values,</h4><br><h2>,Influential,"</h2><br><h4 class=""values_badge"" style=""background: #cccccc"">",Achievement,</h4><br><br><br><p>,Personal success through demonstrating competence according to social standards.,</p></div>,,,,,,,,,,,,,,
"<div class=""swiper-slide""><h4>",Individual Values,</h4><br><h2>,Intelligent,"</h2><br><h4 class=""values_badge"" style=""background: #cccccc"">",Achievement,</h4><br><br><br><p>,Personal success through demonstrating competence according to social standards.,</p></div>,,,,,,,,,,,,,,
"<div class=""swiper-slide""><h4>",Individual Values,</h4><br><h2>,Successful,"</h2><br><h4 class=""values_badge"" style=""background: #cccccc"">",Achievement,</h4><br><br><br><p>,Personal success through demonstrating competence according to social standards.,</p></div>,,,,,,,,,,,,,,
"<div class=""swiper-slide""><h4>",Individual Values,</h4><br><h2>,A Spiritual Life,"</h2><br><h4 class=""values_badge"" style=""background: #cccccc"">",Benevolence,</h4><br><br><br><p>,Preservation and enhancement of the welfare of people with whom one is in frequent personal contact.,</p></div>,,,,,,,,,,,,,,
"<div class=""swiper-slide""><h4>",Individual Values,</h4><br><h2>,Forgiving,"</h2><br><h4 class=""values_badge"" style=""background: #cccccc"">",Benevolence,</h4><br><br><br><p>,Preservation and enhancement of the welfare of people with whom one is in frequent personal contact.,</p></div>,,,,,,,,,,,,,,
"<div class=""swiper-slide""><h4>",Individual Values,</h4><br><h2>,Helpful,"</h2><br><h4 class=""values_badge"" style=""background: #cccccc"">",Benevolence,</h4><br><br><br><p>,Preservation and enhancement of the welfare of people with whom one is in frequent personal contact.,</p></div>,,,,,,,,,,,,,,
"<div class=""swiper-slide""><h4>",Individual Values,</h4><br><h2>,Honest,"</h2><br><h4 class=""values_badge"" style=""background: #cccccc"">",Benevolence,</h4><br><br><br><p>,Preservation and enhancement of the welfare of people with whom one is in frequent personal contact.,</p></div>,,,,,,,,,,,,,,
"<div class=""swiper-slide""><h4>",Individual Values,</h4><br><h2>,Loyal,"</h2><br><h4 class=""values_badge"" style=""background: #cccccc"">",Benevolence,</h4><br><br><br><p>,Preservation and enhancement of the welfare of people with whom one is in frequent personal contact.,</p></div>,,,,,,,,,,,,,,
"<div class=""swiper-slide""><h4>",Individual Values,</h4><br><h2>,Mature Love,"</h2><br><h4 class=""values_badge"" style=""background: #cccccc"">",Benevolence,</h4><br><br><br><p>,Preservation and enhancement of the welfare of people with whom one is in frequent personal contact.,</p></div>,,,,,,,,,,,,,,
"<div class=""swiper-slide""><h4>",Individual Values,</h4><br><h2>,Meaning in Life,"</h2><br><h4 class=""values_badge"" style=""background: #cccccc"">",Benevolence,</h4><br><br><br><p>,Preservation and enhancement of the welfare of people with whom one is in frequent personal contact.,</p></div>,,,,,,,,,,,,,,
"<div class=""swiper-slide""><h4>",Individual Values,</h4><br><h2>,Responsible,"</h2><br><h4 class=""values_badge"" style=""background: #cccccc"">",Benevolence,</h4><br><br><br><p>,Preservation and enhancement of the welfare of people with whom one is in frequent personal contact.,</p></div>,,,,,,,,,,,,,,
"<div class=""swiper-slide""><h4>",Individual Values,</h4><br><h2>,True Friendship,"</h2><br><h4 class=""values_badge"" style=""background: #cccccc"">",Benevolence,</h4><br><br><br><p>,Preservation and enhancement of the welfare of people with whom one is in frequent personal contact.,</p></div>,,,,,,,,,,,,,,
"<div class=""swiper-slide""><h4>",Individual Values,</h4><br><h2>,Honoring of Elders,"</h2><br><h4 class=""values_badge"" style=""background: #cccccc"">",Conformity,</h4><br><br><br><p>,"Restraint of actions, inclinations, and impulses likely to upset or harm others and violate social expectations or norms.",</p></div>,,,,,,,,,,,,,,
"<div class=""swiper-slide""><h4>",Individual Values,</h4><br><h2>,Obedient,"</h2><br><h4 class=""values_badge"" style=""background: #cccccc"">",Conformity,</h4><br><br><br><p>,"Restraint of actions, inclinations, and impulses likely to upset or harm others and violate social expectations or norms.",</p></div>,,,,,,,,,,,,,,
"<div class=""swiper-slide""><h4>",Individual Values,</h4><br><h2>,Politeness,"</h2><br><h4 class=""values_badge"" style=""background: #cccccc"">",Conformity,</h4><br><br><br><p>,"Restraint of actions, inclinations, and impulses likely to upset or harm others and violate social expectations or norms.",</p></div>,,,,,,,,,,,,,,
"<div class=""swiper-slide""><h4>",Individual Values,</h4><br><h2>,Self Discipline,"</h2><br><h4 class=""values_badge"" style=""background: #cccccc"">",Conformity,</h4><br><br><br><p>,"Restraint of actions, inclinations, and impulses likely to upset or harm others and violate social expectations or norms.",</p></div>,,,,,,,,,,,,,,
"<div class=""swiper-slide""><h4>",Individual Values,</h4><br><h2>,Enjoying Life,"</h2><br><h4 class=""values_badge"" style=""background: #cccccc"">",Hedonism,</h4><br><br><br><p>,Pleasure and sensuous gratification for oneself.,</p></div>,,,,,,,,,,,,,,
"<div class=""swiper-slide""><h4>",Individual Values,</h4><br><h2>,Pleasure,"</h2><br><h4 class=""values_badge"" style=""background: #cccccc"">",Hedonism,</h4><br><br><br><p>,Pleasure and sensuous gratification for oneself.,</p></div>,,,,,,,,,,,,,,
"<div class=""swiper-slide""><h4>",Individual Values,</h4><br><h2>,Self-Indulgent,"</h2><br><h4 class=""values_badge"" style=""background: #cccccc"">",Hedonism,</h4><br><br><br><p>,Pleasure and sensuous gratification for oneself.,</p></div>,,,,,,,,,,,,,,
"<div class=""swiper-slide""><h4>",Individual Values,</h4><br><h2>,Authority,"</h2><br><h4 class=""values_badge"" style=""background: #cccccc"">",Power,</h4><br><br><br><p>,"Social status and prestige, control or dominance over people and resources. Impulses likely to upset or harm others and violate social expectations or norms.",</p></div>,,,,,,,,,,,,,,
"<div class=""swiper-slide""><h4>",Individual Values,</h4><br><h2>,Preserving My Public Image,"</h2><br><h4 class=""values_badge"" style=""background: #cccccc"">",Power,</h4><br><br><br><p>,"Social status and prestige, control or dominance over people and resources. Impulses likely to upset or harm others and violate social expectations or norms.",</p></div>,,,,,,,,,,,,,,
"<div class=""swiper-slide""><h4>",Individual Values,</h4><br><h2>,Social Power,"</h2><br><h4 class=""values_badge"" style=""background: #cccccc"">",Power,</h4><br><br><br><p>,"Social status and prestige, control or dominance over people and resources. Impulses likely to upset or harm others and violate social expectations or norms.",</p></div>,,,,,,,,,,,,,,
"<div class=""swiper-slide""><h4>",Individual Values,</h4><br><h2>,Social Recognition,"</h2><br><h4 class=""values_badge"" style=""background: #cccccc"">",Power,</h4><br><br><br><p>,"Social status and prestige, control or dominance over people and resources. Impulses likely to upset or harm others and violate social expectations or norms.",</p></div>,,,,,,,,,,,,,,
"<div class=""swiper-slide""><h4>",Individual Values,</h4><br><h2>,Wealth,"</h2><br><h4 class=""values_badge"" style=""background: #cccccc"">",Power,</h4><br><br><br><p>,"Social status and prestige, control or dominance over people and resources. Impulses likely to upset or harm others and violate social expectations or norms.",</p></div>,,,,,,,,,,,,,,
"<div class=""swiper-slide""><h4>",Individual Values,</h4><br><h2>,Clean,"</h2><br><h4 class=""values_badge"" style=""background: #cccccc"">",Security,</h4><br><br><br><p>,"Safety, harmony, and stability of society, of relationships, and of self.",</p></div>,,,,,,,,,,,,,,
"<div class=""swiper-slide""><h4>",Individual Values,</h4><br><h2>,Family Security,"</h2><br><h4 class=""values_badge"" style=""background: #cccccc"">",Security,</h4><br><br><br><p>,"Safety, harmony, and stability of society, of relationships, and of self.",</p></div>,,,,,,,,,,,,,,
"<div class=""swiper-slide""><h4>",Individual Values,</h4><br><h2>,Healthy,"</h2><br><h4 class=""values_badge"" style=""background: #cccccc"">",Security,</h4><br><br><br><p>,"Safety, harmony, and stability of society, of relationships, and of self.",</p></div>,,,,,,,,,,,,,,
"<div class=""swiper-slide""><h4>",Individual Values,</h4><br><h2>,National Security,"</h2><br><h4 class=""values_badge"" style=""background: #cccccc"">",Security,</h4><br><br><br><p>,"Safety, harmony, and stability of society, of relationships, and of self.",</p></div>,,,,,,,,,,,,,,
"<div class=""swiper-slide""><h4>",Individual Values,</h4><br><h2>,Reciprocation of Favors,"</h2><br><h4 class=""values_badge"" style=""background: #cccccc"">",Security,</h4><br><br><br><p>,"Safety, harmony, and stability of society, of relationships, and of self.",</p></div>,,,,,,,,,,,,,,
"<div class=""swiper-slide""><h4>",Individual Values,</h4><br><h2>,Sense of Belonging,"</h2><br><h4 class=""values_badge"" style=""background: #cccccc"">",Security,</h4><br><br><br><p>,"Safety, harmony, and stability of society, of relationships, and of self.",</p></div>,,,,,,,,,,,,,,
"<div class=""swiper-slide""><h4>",Individual Values,</h4><br><h2>,Social Order,"</h2><br><h4 class=""values_badge"" style=""background: #cccccc"">",Security,</h4><br><br><br><p>,"Safety, harmony, and stability of society, of relationships, and of self.",</p></div>,,,,,,,,,,,,,,
"<div class=""swiper-slide""><h4>",Individual Values,</h4><br><h2>,Choosing Own Goals,"</h2><br><h4 class=""values_badge"" style=""background: #cccccc"">",Self-direction,</h4><br><br><br><p>,"Independent thought and action: choosing, creating, exploring.",</p></div>,,,,,,,,,,,,,,
"<div class=""swiper-slide""><h4>",Individual Values,</h4><br><h2>,Creativity,"</h2><br><h4 class=""values_badge"" style=""background: #cccccc"">",Self-direction,</h4><br><br><br><p>,"Independent thought and action: choosing, creating, exploring.",</p></div>,,,,,,,,,,,,,,
"<div class=""swiper-slide""><h4>",Individual Values,</h4><br><h2>,Curious,"</h2><br><h4 class=""values_badge"" style=""background: #cccccc"">",Self-direction,</h4><br><br><br><p>,"Independent thought and action: choosing, creating, exploring.",</p></div>,,,,,,,,,,,,,,
"<div class=""swiper-slide""><h4>",Individual Values,</h4><br><h2>,Freedom,"</h2><br><h4 class=""values_badge"" style=""background: #cccccc"">",Self-direction,</h4><br><br><br><p>,"Independent thought and action: choosing, creating, exploring.",</p></div>,,,,,,,,,,,,,,
"<div class=""swiper-slide""><h4>",Individual Values,</h4><br><h2>,Independent,"</h2><br><h4 class=""values_badge"" style=""background: #cccccc"">",Self-direction,</h4><br><br><br><p>,"Independent thought and action: choosing, creating, exploring.",</p></div>,,,,,,,,,,,,,,
"<div class=""swiper-slide""><h4>",Individual Values,</h4><br><h2>,Privacy,"</h2><br><h4 class=""values_badge"" style=""background: #cccccc"">",Self-direction,</h4><br><br><br><p>,"Independent thought and action: choosing, creating, exploring.",</p></div>,,,,,,,,,,,,,,
"<div class=""swiper-slide""><h4>",Individual Values,</h4><br><h2>,Self Respect,"</h2><br><h4 class=""values_badge"" style=""background: #cccccc"">",Self-direction,</h4><br><br><br><p>,"Independent thought and action: choosing, creating, exploring.",</p></div>,,,,,,,,,,,,,,
"<div class=""swiper-slide""><h4>",Individual Values,</h4><br><h2>,A Varied Life,"</h2><br><h4 class=""values_badge"" style=""background: #cccccc"">",Stimulation,</h4><br><br><br><p>,"Excitement, novelty and challenge in life.",</p></div>,,,,,,,,,,,,,,
"<div class=""swiper-slide""><h4>",Individual Values,</h4><br><h2>,An Exciting Life,"</h2><br><h4 class=""values_badge"" style=""background: #cccccc"">",Stimulation,</h4><br><br><br><p>,"Excitement, novelty and challenge in life.",</p></div>,,,,,,,,,,,,,,
"<div class=""swiper-slide""><h4>",Individual Values,</h4><br><h2>,Daring,"</h2><br><h4 class=""values_badge"" style=""background: #cccccc"">",Stimulation,</h4><br><br><br><p>,"Excitement, novelty and challenge in life.",</p></div>,,,,,,,,,,,,,,
"<div class=""swiper-slide""><h4>",Individual Values,</h4><br><h2>,Accepting My Portion in Life,"</h2><br><h4 class=""values_badge"" style=""background: #cccccc"">",Tradition,</h4><br><br><br><p>,"Respect, commitment and acceptance of the customs and ideas that traditional culture or religion provide the self.",</p></div>,,,,,,,,,,,,,,
"<div class=""swiper-slide""><h4>",Individual Values,</h4><br><h2>,Detachment,"</h2><br><h4 class=""values_badge"" style=""background: #cccccc"">",Tradition,</h4><br><br><br><p>,"Respect, commitment and acceptance of the customs and ideas that traditional culture or religion provide the self.",</p></div>,,,,,,,,,,,,,,
"<div class=""swiper-slide""><h4>",Individual Values,</h4><br><h2>,Devout,"</h2><br><h4 class=""values_badge"" style=""background: #cccccc"">",Tradition,</h4><br><br><br><p>,"Respect, commitment and acceptance of the customs and ideas that traditional culture or religion provide the self.",</p></div>,,,,,,,,,,,,,,
"<div class=""swiper-slide""><h4>",Individual Values,</h4><br><h2>,Humble,"</h2><br><h4 class=""values_badge"" style=""background: #cccccc"">",Tradition,</h4><br><br><br><p>,"Respect, commitment and acceptance of the customs and ideas that traditional culture or religion provide the self.",</p></div>,,,,,,,,,,,,,,
"<div class=""swiper-slide""><h4>",Individual Values,</h4><br><h2>,Moderate,"</h2><br><h4 class=""values_badge"" style=""background: #cccccc"">",Tradition,</h4><br><br><br><p>,"Respect, commitment and acceptance of the customs and ideas that traditional culture or religion provide the self.",</p></div>,,,,,,,,,,,,,,
"<div class=""swiper-slide""><h4>",Individual Values,</h4><br><h2>,Respect for Tradition,"</h2><br><h4 class=""values_badge"" style=""background: #cccccc"">",Tradition,</h4><br><br><br><p>,"Respect, commitment and acceptance of the customs and ideas that traditional culture or religion provide the self.",</p></div>,,,,,,,,,,,,,,
"<div class=""swiper-slide""><h4>",Individual Values,</h4><br><h2>,A World at Peace,"</h2><br><h4 class=""values_badge"" style=""background: #cccccc"">",Universalism,</h4><br><br><br><p>,"Understanding, appreciation, tolerance and protection for the welfare of all people and for nature.",</p></div>,,,,,,,,,,,,,,
"<div class=""swiper-slide""><h4>",Individual Values,</h4><br><h2>,A World of Beauty,"</h2><br><h4 class=""values_badge"" style=""background: #cccccc"">",Universalism,</h4><br><br><br><p>,"Understanding, appreciation, tolerance and protection for the welfare of all people and for nature.",</p></div>,,,,,,,,,,,,,,
"<div class=""swiper-slide""><h4>",Individual Values,</h4><br><h2>,Broadminded,"</h2><br><h4 class=""values_badge"" style=""background: #cccccc"">",Universalism,</h4><br><br><br><p>,"Understanding, appreciation, tolerance and protection for the welfare of all people and for nature.",</p></div>,,,,,,,,,,,,,,
"<div class=""swiper-slide""><h4>",Individual Values,</h4><br><h2>,Equality,"</h2><br><h4 class=""values_badge"" style=""background: #cccccc"">",Universalism,</h4><br><br><br><p>,"Understanding, appreciation, tolerance and protection for the welfare of all people and for nature.",</p></div>,,,,,,,,,,,,,,
"<div class=""swiper-slide""><h4>",Individual Values,</h4><br><h2>,Inner Harmony,"</h2><br><h4 class=""values_badge"" style=""background: #cccccc"">",Universalism,</h4><br><br><br><p>,"Understanding, appreciation, tolerance and protection for the welfare of all people and for nature.",</p></div>,,,,,,,,,,,,,,
"<div class=""swiper-slide""><h4>",Individual Values,</h4><br><h2>,Protecting the Environment,"</h2><br><h4 class=""values_badge"" style=""background: #cccccc"">",Universalism,</h4><br><br><br><p>,"Understanding, appreciation, tolerance and protection for the welfare of all people and for nature.",</p></div>,,,,,,,,,,,,,,
"<div class=""swiper-slide""><h4>",Individual Values,</h4><br><h2>,Social Justice,"</h2><br><h4 class=""values_badge"" style=""background: #cccccc"">",Universalism,</h4><br><br><br><p>,"Understanding, appreciation, tolerance and protection for the welfare of all people and for nature.",</p></div>,,,,,,,,,,,,,,
"<div class=""swiper-slide""><h4>",Individual Values,</h4><br><h2>,Unity with Nature,"</h2><br><h4 class=""values_badge"" style=""background: #cccccc"">",Universalism,</h4><br><br><br><p>,"Understanding, appreciation, tolerance and protection for the welfare of all people and for nature.",</p></div>,,,,,,,,,,,,,,
"<div class=""swiper-slide""><h4>",Individual Values,</h4><br><h2>,Wisdom,"</h2><br><h4 class=""values_badge"" style=""background: #cccccc"">",Universalism,</h4><br><br><br><p>,"Understanding, appreciation, tolerance and protection for the welfare of all people and for nature.",</p></div>,,,,,,,,,,,,,,